freq_set,freq_measured,amplitude
500,4.999320E+02,1.0267E+00
1000,1.00037E+03,1.0267E+00
2000,2.00016E+03,1.0267E+00
3000,3.00230E+03,1.0267E+00
